Kabupaten/Kota,Tahun,Kuartal,Laju_Inflasi(YOY),Proksi Inflasi
Kabupaten Pacitan,2022,I,2.38,Kota Madiun
Kabupaten Pacitan,2022,II,4.76,Kota Madiun
Kabupaten Pacitan,2022,III,6.14,Kota Madiun
Kabupaten Pacitan,2022,IV,5.8,Kota Madiun
Kabupaten Pacitan,2023,I,5.15,Kota Madiun
Kabupaten Pacitan,2023,II,3.25,Kota Madiun
Kabupaten Pacitan,2023,III,2.16,Kota Madiun
Kabupaten Pacitan,2023,IV,2.35,Kota Madiun
Kabupaten Pacitan,2024,I,3.05,Kota Madiun
Kabupaten Pacitan,2024,II,1.85,Kota Madiun
Kabupaten Pacitan,2024,III,1.22,Kota Madiun
Kabupaten Pacitan,2024,IV,1.31,Kota Madiun
Kabupaten Pacitan,2025,I,0.2,Kota Madiun
Kabupaten Ponorogo,2022,I,2.38,Kota Madiun
Kabupaten Ponorogo,2022,II,4.76,Kota Madiun
Kabupaten Ponorogo,2022,III,6.14,Kota Madiun
Kabupaten Ponorogo,2022,IV,5.8,Kota Madiun
Kabupaten Ponorogo,2023,I,5.15,Kota Madiun
Kabupaten Ponorogo,2023,II,3.25,Kota Madiun
Kabupaten Ponorogo,2023,III,2.16,Kota Madiun
Kabupaten Ponorogo,2023,IV,2.35,Kota Madiun
Kabupaten Ponorogo,2024,I,3.05,Kota Madiun
Kabupaten Ponorogo,2024,II,1.85,Kota Madiun
Kabupaten Ponorogo,2024,III,1.22,Kota Madiun
Kabupaten Ponorogo,2024,IV,1.31,Kota Madiun
Kabupaten Ponorogo,2025,I,0.2,Kota Madiun
Kabupaten Trenggalek,2022,I,2.33,Kota Kediri
Kabupaten Trenggalek,2022,II,4.03,Kota Kediri
Kabupaten Trenggalek,2022,III,6.29,Kota Kediri
Kabupaten Trenggalek,2022,IV,5.76,Kota Kediri
Kabupaten Trenggalek,2023,I,5.36,Kota Kediri
Kabupaten Trenggalek,2023,II,3.92,Kota Kediri
Kabupaten Trenggalek,2023,III,2.55,Kota Kediri
Kabupaten Trenggalek,2023,IV,2.64,Kota Kediri
Kabupaten Trenggalek,2024,I,2.88,Kota Kediri
Kabupaten Trenggalek,2024,II,1.72,Kota Kediri
Kabupaten Trenggalek,2024,III,0.88,Kota Kediri
Kabupaten Trenggalek,2024,IV,1.19,Kota Kediri
Kabupaten Trenggalek,2025,I,-0.04,Kota Kediri
Kabupaten Tulungagung,2022,I,2.33,Kota Kediri
Kabupaten Tulungagung,2022,II,4.03,Kota Kediri
Kabupaten Tulungagung,2022,III,6.29,Kota Kediri
Kabupaten Tulungagung,2022,IV,5.76,Kota Kediri
Kabupaten Tulungagung,2023,I,5.36,Kota Kediri
Kabupaten Tulungagung,2023,II,3.92,Kota Kediri
Kabupaten Tulungagung,2023,III,2.55,Kota Kediri
Kabupaten Tulungagung,2023,IV,2.64,Kota Kediri
Kabupaten Tulungagung,2024,I,2.88,Kota Kediri
Kabupaten Tulungagung,2024,II,1.72,Kota Kediri
Kabupaten Tulungagung,2024,III,0.88,Kota Kediri
Kabupaten Tulungagung,2024,IV,1.19,Kota Kediri
Kabupaten Tulungagung,2025,I,-0.04,Kota Kediri
Kabupaten Blitar,2022,I,2.33,Kota Kediri
Kabupaten Blitar,2022,II,4.03,Kota Kediri
Kabupaten Blitar,2022,III,6.29,Kota Kediri
Kabupaten Blitar,2022,IV,5.76,Kota Kediri
Kabupaten Blitar,2023,I,5.36,Kota Kediri
Kabupaten Blitar,2023,II,3.92,Kota Kediri
Kabupaten Blitar,2023,III,2.55,Kota Kediri
Kabupaten Blitar,2023,IV,2.64,Kota Kediri
Kabupaten Blitar,2024,I,2.88,Kota Kediri
Kabupaten Blitar,2024,II,1.72,Kota Kediri
Kabupaten Blitar,2024,III,0.88,Kota Kediri
Kabupaten Blitar,2024,IV,1.19,Kota Kediri
Kabupaten Blitar,2025,I,-0.04,Kota Kediri
Kabupaten Kediri,2022,I,2.33,Kota Kediri
Kabupaten Kediri,2022,II,4.03,Kota Kediri
Kabupaten Kediri,2022,III,6.29,Kota Kediri
Kabupaten Kediri,2022,IV,5.76,Kota Kediri
Kabupaten Kediri,2023,I,5.36,Kota Kediri
Kabupaten Kediri,2023,II,3.92,Kota Kediri
Kabupaten Kediri,2023,III,2.55,Kota Kediri
Kabupaten Kediri,2023,IV,2.64,Kota Kediri
Kabupaten Kediri,2024,I,2.88,Kota Kediri
Kabupaten Kediri,2024,II,1.72,Kota Kediri
Kabupaten Kediri,2024,III,0.88,Kota Kediri
Kabupaten Kediri,2024,IV,1.19,Kota Kediri
Kabupaten Kediri,2025,I,-0.04,Kota Kediri
Kabupaten Malang,2022,I,2.62,Kota Malang
Kabupaten Malang,2022,II,4.95,Kota Malang
Kabupaten Malang,2022,III,6.24,Kota Malang
Kabupaten Malang,2022,IV,5.95,Kota Malang
Kabupaten Malang,2023,I,5.39,Kota Malang
Kabupaten Malang,2023,II,3.62,Kota Malang
Kabupaten Malang,2023,III,2.725,Kota Malang
Kabupaten Malang,2023,IV,2.71,Kota Malang
Kabupaten Malang,2024,I,3.22,Kota Malang
Kabupaten Malang,2024,II,2.155,Kota Malang
Kabupaten Malang,2024,III,1.795,Kota Malang
Kabupaten Malang,2024,IV,1.63,Kota Malang
Kabupaten Malang,2025,I,0.81,Kota Malang
Kabupaten Lumajang,2022,I,2.87,Kabupaten Jember
Kabupaten Lumajang,2022,II,5.53,Kabupaten Jember
Kabupaten Lumajang,2022,III,7.3,Kabupaten Jember
Kabupaten Lumajang,2022,IV,7.39,Kabupaten Jember
Kabupaten Lumajang,2023,I,6.48,Kabupaten Jember
Kabupaten Lumajang,2023,II,4.31,Kabupaten Jember
Kabupaten Lumajang,2023,III,3.05,Kabupaten Jember
Kabupaten Lumajang,2023,IV,2.29,Kabupaten Jember
Kabupaten Lumajang,2024,I,2.53,Kabupaten Jember
Kabupaten Lumajang,2024,II,1.99,Kabupaten Jember
Kabupaten Lumajang,2024,III,1.56,Kabupaten Jember
Kabupaten Lumajang,2024,IV,1.74,Kabupaten Jember
Kabupaten Lumajang,2025,I,1.14,Kabupaten Jember
Kabupaten Jember,2022,I,2.87,Kabupaten Jember
Kabupaten Jember,2022,II,5.53,Kabupaten Jember
Kabupaten Jember,2022,III,7.3,Kabupaten Jember
Kabupaten Jember,2022,IV,7.39,Kabupaten Jember
Kabupaten Jember,2023,I,6.48,Kabupaten Jember
Kabupaten Jember,2023,II,4.31,Kabupaten Jember
Kabupaten Jember,2023,III,3.05,Kabupaten Jember
Kabupaten Jember,2023,IV,2.29,Kabupaten Jember
Kabupaten Jember,2024,I,2.53,Kabupaten Jember
Kabupaten Jember,2024,II,1.99,Kabupaten Jember
Kabupaten Jember,2024,III,1.56,Kabupaten Jember
Kabupaten Jember,2024,IV,1.74,Kabupaten Jember
Kabupaten Jember,2025,I,1.14,Kabupaten Jember
Kabupaten Banyuwangi,2022,I,2.19,Kabupaten Banyuwangi
Kabupaten Banyuwangi,2022,II,4.42,Kabupaten Banyuwangi
Kabupaten Banyuwangi,2022,III,5.46,Kabupaten Banyuwangi
Kabupaten Banyuwangi,2022,IV,6.06,Kabupaten Banyuwangi
Kabupaten Banyuwangi,2023,I,5.71,Kabupaten Banyuwangi
Kabupaten Banyuwangi,2023,II,3.97,Kabupaten Banyuwangi
Kabupaten Banyuwangi,2023,III,3.1,Kabupaten Banyuwangi
Kabupaten Banyuwangi,2023,IV,2.15,Kabupaten Banyuwangi
Kabupaten Banyuwangi,2024,I,2.67,Kabupaten Banyuwangi
Kabupaten Banyuwangi,2024,II,2.38,Kabupaten Banyuwangi
Kabupaten Banyuwangi,2024,III,2.07,Kabupaten Banyuwangi
Kabupaten Banyuwangi,2024,IV,1.73,Kabupaten Banyuwangi
Kabupaten Banyuwangi,2025,I,1.89,Kabupaten Banyuwangi
Kabupaten Bondowoso,2022,I,2.87,Kabupaten Jember
Kabupaten Bondowoso,2022,II,5.53,Kabupaten Jember
Kabupaten Bondowoso,2022,III,7.3,Kabupaten Jember
Kabupaten Bondowoso,2022,IV,7.39,Kabupaten Jember
Kabupaten Bondowoso,2023,I,6.48,Kabupaten Jember
Kabupaten Bondowoso,2023,II,4.31,Kabupaten Jember
Kabupaten Bondowoso,2023,III,3.05,Kabupaten Jember
Kabupaten Bondowoso,2023,IV,2.29,Kabupaten Jember
Kabupaten Bondowoso,2024,I,2.53,Kabupaten Jember
Kabupaten Bondowoso,2024,II,1.99,Kabupaten Jember
Kabupaten Bondowoso,2024,III,1.56,Kabupaten Jember
Kabupaten Bondowoso,2024,IV,1.74,Kabupaten Jember
Kabupaten Bondowoso,2025,I,1.14,Kabupaten Jember
Kabupaten Situbondo,2022,I,2.87,Kabupaten Jember
Kabupaten Situbondo,2022,II,5.53,Kabupaten Jember
Kabupaten Situbondo,2022,III,7.3,Kabupaten Jember
Kabupaten Situbondo,2022,IV,7.39,Kabupaten Jember
Kabupaten Situbondo,2023,I,6.48,Kabupaten Jember
Kabupaten Situbondo,2023,II,4.31,Kabupaten Jember
Kabupaten Situbondo,2023,III,3.05,Kabupaten Jember
Kabupaten Situbondo,2023,IV,2.29,Kabupaten Jember
Kabupaten Situbondo,2024,I,2.53,Kabupaten Jember
Kabupaten Situbondo,2024,II,1.99,Kabupaten Jember
Kabupaten Situbondo,2024,III,1.56,Kabupaten Jember
Kabupaten Situbondo,2024,IV,1.74,Kabupaten Jember
Kabupaten Situbondo,2025,I,1.14,Kabupaten Jember
Kabupaten Probolinggo,2022,I,2.62,Kota Malang
Kabupaten Probolinggo,2022,II,4.95,Kota Malang
Kabupaten Probolinggo,2022,III,6.24,Kota Malang
Kabupaten Probolinggo,2022,IV,5.95,Kota Malang
Kabupaten Probolinggo,2023,I,5.39,Kota Malang
Kabupaten Probolinggo,2023,II,3.62,Kota Malang
Kabupaten Probolinggo,2023,III,2.725,Kota Malang
Kabupaten Probolinggo,2023,IV,2.71,Kota Malang
Kabupaten Probolinggo,2024,I,3.22,Kota Malang
Kabupaten Probolinggo,2024,II,2.155,Kota Malang
Kabupaten Probolinggo,2024,III,1.795,Kota Malang
Kabupaten Probolinggo,2024,IV,1.63,Kota Malang
Kabupaten Probolinggo,2025,I,0.81,Kota Malang
Kabupaten Pasuruan,2022,I,2.62,Kota Malang
Kabupaten Pasuruan,2022,II,4.95,Kota Malang
Kabupaten Pasuruan,2022,III,6.24,Kota Malang
Kabupaten Pasuruan,2022,IV,5.95,Kota Malang
Kabupaten Pasuruan,2023,I,5.39,Kota Malang
Kabupaten Pasuruan,2023,II,3.62,Kota Malang
Kabupaten Pasuruan,2023,III,2.725,Kota Malang
Kabupaten Pasuruan,2023,IV,2.71,Kota Malang
Kabupaten Pasuruan,2024,I,3.22,Kota Malang
Kabupaten Pasuruan,2024,II,2.155,Kota Malang
Kabupaten Pasuruan,2024,III,1.795,Kota Malang
Kabupaten Pasuruan,2024,IV,1.63,Kota Malang
Kabupaten Pasuruan,2025,I,0.81,Kota Malang
Kabupaten Sidoarjo,2022,I,3.16,Kota Surabaya
Kabupaten Sidoarjo,2022,II,4.89,Kota Surabaya
Kabupaten Sidoarjo,2022,III,6.91,Kota Surabaya
Kabupaten Sidoarjo,2022,IV,6.59,Kota Surabaya
Kabupaten Sidoarjo,2023,I,6.3,Kota Surabaya
Kabupaten Sidoarjo,2023,II,4.91,Kota Surabaya
Kabupaten Sidoarjo,2023,III,3.14,Kota Surabaya
Kabupaten Sidoarjo,2023,IV,3.03,Kota Surabaya
Kabupaten Sidoarjo,2024,I,2.99,Kota Surabaya
Kabupaten Sidoarjo,2024,II,2.35,Kota Surabaya
Kabupaten Sidoarjo,2024,III,1.65,Kota Surabaya
Kabupaten Sidoarjo,2024,IV,1.38,Kota Surabaya
Kabupaten Sidoarjo,2025,I,0.63,Kota Surabaya
Kabupaten Mojokerto,2022,I,3.16,Kota Surabaya
Kabupaten Mojokerto,2022,II,4.89,Kota Surabaya
Kabupaten Mojokerto,2022,III,6.91,Kota Surabaya
Kabupaten Mojokerto,2022,IV,6.59,Kota Surabaya
Kabupaten Mojokerto,2023,I,6.3,Kota Surabaya
Kabupaten Mojokerto,2023,II,4.91,Kota Surabaya
Kabupaten Mojokerto,2023,III,3.14,Kota Surabaya
Kabupaten Mojokerto,2023,IV,3.03,Kota Surabaya
Kabupaten Mojokerto,2024,I,2.99,Kota Surabaya
Kabupaten Mojokerto,2024,II,2.35,Kota Surabaya
Kabupaten Mojokerto,2024,III,1.65,Kota Surabaya
Kabupaten Mojokerto,2024,IV,1.38,Kota Surabaya
Kabupaten Mojokerto,2025,I,0.63,Kota Surabaya
Kabupaten Jombang,2022,I,3.16,Kota Surabaya
Kabupaten Jombang,2022,II,4.89,Kota Surabaya
Kabupaten Jombang,2022,III,6.91,Kota Surabaya
Kabupaten Jombang,2022,IV,6.59,Kota Surabaya
Kabupaten Jombang,2023,I,6.3,Kota Surabaya
Kabupaten Jombang,2023,II,4.91,Kota Surabaya
Kabupaten Jombang,2023,III,3.14,Kota Surabaya
Kabupaten Jombang,2023,IV,3.03,Kota Surabaya
Kabupaten Jombang,2024,I,2.99,Kota Surabaya
Kabupaten Jombang,2024,II,2.35,Kota Surabaya
Kabupaten Jombang,2024,III,1.65,Kota Surabaya
Kabupaten Jombang,2024,IV,1.38,Kota Surabaya
Kabupaten Jombang,2025,I,0.63,Kota Surabaya
Kabupaten Nganjuk,2022,I,2.33,Kota Kediri
Kabupaten Nganjuk,2022,II,4.03,Kota Kediri
Kabupaten Nganjuk,2022,III,6.29,Kota Kediri
Kabupaten Nganjuk,2022,IV,5.76,Kota Kediri
Kabupaten Nganjuk,2023,I,5.36,Kota Kediri
Kabupaten Nganjuk,2023,II,3.92,Kota Kediri
Kabupaten Nganjuk,2023,III,2.55,Kota Kediri
Kabupaten Nganjuk,2023,IV,2.64,Kota Kediri
Kabupaten Nganjuk,2024,I,2.88,Kota Kediri
Kabupaten Nganjuk,2024,II,1.72,Kota Kediri
Kabupaten Nganjuk,2024,III,0.88,Kota Kediri
Kabupaten Nganjuk,2024,IV,1.19,Kota Kediri
Kabupaten Nganjuk,2025,I,-0.04,Kota Kediri
Kabupaten Madiun,2022,I,2.38,Kota Madiun
Kabupaten Madiun,2022,II,4.76,Kota Madiun
Kabupaten Madiun,2022,III,6.14,Kota Madiun
Kabupaten Madiun,2022,IV,5.8,Kota Madiun
Kabupaten Madiun,2023,I,5.15,Kota Madiun
Kabupaten Madiun,2023,II,3.25,Kota Madiun
Kabupaten Madiun,2023,III,2.16,Kota Madiun
Kabupaten Madiun,2023,IV,2.35,Kota Madiun
Kabupaten Madiun,2024,I,3.05,Kota Madiun
Kabupaten Madiun,2024,II,1.85,Kota Madiun
Kabupaten Madiun,2024,III,1.22,Kota Madiun
Kabupaten Madiun,2024,IV,1.31,Kota Madiun
Kabupaten Madiun,2025,I,0.2,Kota Madiun
Kabupaten Magetan,2022,I,2.38,Kota Madiun
Kabupaten Magetan,2022,II,4.76,Kota Madiun
Kabupaten Magetan,2022,III,6.14,Kota Madiun
Kabupaten Magetan,2022,IV,5.8,Kota Madiun
Kabupaten Magetan,2023,I,5.15,Kota Madiun
Kabupaten Magetan,2023,II,3.25,Kota Madiun
Kabupaten Magetan,2023,III,2.16,Kota Madiun
Kabupaten Magetan,2023,IV,2.35,Kota Madiun
Kabupaten Magetan,2024,I,3.05,Kota Madiun
Kabupaten Magetan,2024,II,1.85,Kota Madiun
Kabupaten Magetan,2024,III,1.22,Kota Madiun
Kabupaten Magetan,2024,IV,1.31,Kota Madiun
Kabupaten Magetan,2025,I,0.2,Kota Madiun
Kabupaten Ngawi,2022,I,2.38,Kota Madiun
Kabupaten Ngawi,2022,II,4.76,Kota Madiun
Kabupaten Ngawi,2022,III,6.14,Kota Madiun
Kabupaten Ngawi,2022,IV,5.8,Kota Madiun
Kabupaten Ngawi,2023,I,5.15,Kota Madiun
Kabupaten Ngawi,2023,II,3.25,Kota Madiun
Kabupaten Ngawi,2023,III,2.16,Kota Madiun
Kabupaten Ngawi,2023,IV,2.35,Kota Madiun
Kabupaten Ngawi,2024,I,3.05,Kota Madiun
Kabupaten Ngawi,2024,II,1.85,Kota Madiun
Kabupaten Ngawi,2024,III,1.22,Kota Madiun
Kabupaten Ngawi,2024,IV,1.31,Kota Madiun
Kabupaten Ngawi,2025,I,0.2,Kota Madiun
Kabupaten Bojonegoro,2022,I,3.16,Kota Surabaya
Kabupaten Bojonegoro,2022,II,4.89,Kota Surabaya
Kabupaten Bojonegoro,2022,III,6.91,Kota Surabaya
Kabupaten Bojonegoro,2022,IV,6.59,Kota Surabaya
Kabupaten Bojonegoro,2023,I,6.3,Kota Surabaya
Kabupaten Bojonegoro,2023,II,4.91,Kota Surabaya
Kabupaten Bojonegoro,2023,III,3.14,Kota Surabaya
Kabupaten Bojonegoro,2023,IV,3.03,Kota Surabaya
Kabupaten Bojonegoro,2024,I,2.99,Kota Surabaya
Kabupaten Bojonegoro,2024,II,2.35,Kota Surabaya
Kabupaten Bojonegoro,2024,III,1.65,Kota Surabaya
Kabupaten Bojonegoro,2024,IV,1.38,Kota Surabaya
Kabupaten Bojonegoro,2025,I,0.63,Kota Surabaya
Kabupaten Tuban,2022,I,3.16,Kota Surabaya
Kabupaten Tuban,2022,II,4.89,Kota Surabaya
Kabupaten Tuban,2022,III,6.91,Kota Surabaya
Kabupaten Tuban,2022,IV,6.59,Kota Surabaya
Kabupaten Tuban,2023,I,6.3,Kota Surabaya
Kabupaten Tuban,2023,II,4.91,Kota Surabaya
Kabupaten Tuban,2023,III,3.14,Kota Surabaya
Kabupaten Tuban,2023,IV,3.03,Kota Surabaya
Kabupaten Tuban,2024,I,2.99,Kota Surabaya
Kabupaten Tuban,2024,II,2.35,Kota Surabaya
Kabupaten Tuban,2024,III,1.65,Kota Surabaya
Kabupaten Tuban,2024,IV,1.38,Kota Surabaya
Kabupaten Tuban,2025,I,0.63,Kota Surabaya
Kabupaten Lamongan,2022,I,3.16,Kota Surabaya
Kabupaten Lamongan,2022,II,4.89,Kota Surabaya
Kabupaten Lamongan,2022,III,6.91,Kota Surabaya
Kabupaten Lamongan,2022,IV,6.59,Kota Surabaya
Kabupaten Lamongan,2023,I,6.3,Kota Surabaya
Kabupaten Lamongan,2023,II,4.91,Kota Surabaya
Kabupaten Lamongan,2023,III,3.14,Kota Surabaya
Kabupaten Lamongan,2023,IV,3.03,Kota Surabaya
Kabupaten Lamongan,2024,I,2.99,Kota Surabaya
Kabupaten Lamongan,2024,II,2.35,Kota Surabaya
Kabupaten Lamongan,2024,III,1.65,Kota Surabaya
Kabupaten Lamongan,2024,IV,1.38,Kota Surabaya
Kabupaten Lamongan,2025,I,0.63,Kota Surabaya
Kabupaten Gresik,2022,I,3.16,Kota Surabaya
Kabupaten Gresik,2022,II,4.89,Kota Surabaya
Kabupaten Gresik,2022,III,6.91,Kota Surabaya
Kabupaten Gresik,2022,IV,6.59,Kota Surabaya
Kabupaten Gresik,2023,I,6.3,Kota Surabaya
Kabupaten Gresik,2023,II,4.91,Kota Surabaya
Kabupaten Gresik,2023,III,3.14,Kota Surabaya
Kabupaten Gresik,2023,IV,3.03,Kota Surabaya
Kabupaten Gresik,2024,I,2.99,Kota Surabaya
Kabupaten Gresik,2024,II,2.35,Kota Surabaya
Kabupaten Gresik,2024,III,1.65,Kota Surabaya
Kabupaten Gresik,2024,IV,1.38,Kota Surabaya
Kabupaten Gresik,2025,I,0.63,Kota Surabaya
Kabupaten Bangkalan,2022,I,3.16,Kota Surabaya
Kabupaten Bangkalan,2022,II,4.89,Kota Surabaya
Kabupaten Bangkalan,2022,III,6.91,Kota Surabaya
Kabupaten Bangkalan,2022,IV,6.59,Kota Surabaya
Kabupaten Bangkalan,2023,I,6.3,Kota Surabaya
Kabupaten Bangkalan,2023,II,4.91,Kota Surabaya
Kabupaten Bangkalan,2023,III,3.14,Kota Surabaya
Kabupaten Bangkalan,2023,IV,3.03,Kota Surabaya
Kabupaten Bangkalan,2024,I,2.99,Kota Surabaya
Kabupaten Bangkalan,2024,II,2.35,Kota Surabaya
Kabupaten Bangkalan,2024,III,1.65,Kota Surabaya
Kabupaten Bangkalan,2024,IV,1.38,Kota Surabaya
Kabupaten Bangkalan,2025,I,0.63,Kota Surabaya
Kabupaten Sampang,2022,I,3.57,Kabupaten Sumenep
Kabupaten Sampang,2022,II,5.79,Kabupaten Sumenep
Kabupaten Sampang,2022,III,6.54,Kabupaten Sumenep
Kabupaten Sampang,2022,IV,6.32,Kabupaten Sumenep
Kabupaten Sampang,2023,I,6.43,Kabupaten Sumenep
Kabupaten Sampang,2023,II,4.53,Kabupaten Sumenep
Kabupaten Sampang,2023,III,4.47,Kabupaten Sumenep
Kabupaten Sampang,2023,IV,5.08,Kabupaten Sumenep
Kabupaten Sampang,2024,I,4.68,Kabupaten Sumenep
Kabupaten Sampang,2024,II,3.24,Kabupaten Sumenep
Kabupaten Sampang,2024,III,2.45,Kabupaten Sumenep
Kabupaten Sampang,2024,IV,1.97,Kabupaten Sumenep
Kabupaten Sampang,2025,I,1.33,Kabupaten Sumenep
Kabupaten Pamekasan,2022,I,3.57,Kabupaten Sumenep
Kabupaten Pamekasan,2022,II,5.79,Kabupaten Sumenep
Kabupaten Pamekasan,2022,III,6.54,Kabupaten Sumenep
Kabupaten Pamekasan,2022,IV,6.32,Kabupaten Sumenep
Kabupaten Pamekasan,2023,I,6.43,Kabupaten Sumenep
Kabupaten Pamekasan,2023,II,4.53,Kabupaten Sumenep
Kabupaten Pamekasan,2023,III,4.47,Kabupaten Sumenep
Kabupaten Pamekasan,2023,IV,5.08,Kabupaten Sumenep
Kabupaten Pamekasan,2024,I,4.68,Kabupaten Sumenep
Kabupaten Pamekasan,2024,II,3.24,Kabupaten Sumenep
Kabupaten Pamekasan,2024,III,2.45,Kabupaten Sumenep
Kabupaten Pamekasan,2024,IV,1.97,Kabupaten Sumenep
Kabupaten Pamekasan,2025,I,1.33,Kabupaten Sumenep
Kabupaten Sumenep,2022,I,3.57,Kabupaten Sumenep
Kabupaten Sumenep,2022,II,5.79,Kabupaten Sumenep
Kabupaten Sumenep,2022,III,6.54,Kabupaten Sumenep
Kabupaten Sumenep,2022,IV,6.32,Kabupaten Sumenep
Kabupaten Sumenep,2023,I,6.43,Kabupaten Sumenep
Kabupaten Sumenep,2023,II,4.53,Kabupaten Sumenep
Kabupaten Sumenep,2023,III,4.47,Kabupaten Sumenep
Kabupaten Sumenep,2023,IV,5.08,Kabupaten Sumenep
Kabupaten Sumenep,2024,I,4.68,Kabupaten Sumenep
Kabupaten Sumenep,2024,II,3.24,Kabupaten Sumenep
Kabupaten Sumenep,2024,III,2.45,Kabupaten Sumenep
Kabupaten Sumenep,2024,IV,1.97,Kabupaten Sumenep
Kabupaten Sumenep,2025,I,1.33,Kabupaten Sumenep
Kota Kediri,2022,I,2.33,Kota Kediri
Kota Kediri,2022,II,4.03,Kota Kediri
Kota Kediri,2022,III,6.29,Kota Kediri
Kota Kediri,2022,IV,5.76,Kota Kediri
Kota Kediri,2023,I,5.36,Kota Kediri
Kota Kediri,2023,II,3.92,Kota Kediri
Kota Kediri,2023,III,2.55,Kota Kediri
Kota Kediri,2023,IV,2.64,Kota Kediri
Kota Kediri,2024,I,2.88,Kota Kediri
Kota Kediri,2024,II,1.72,Kota Kediri
Kota Kediri,2024,III,0.88,Kota Kediri
Kota Kediri,2024,IV,1.19,Kota Kediri
Kota Kediri,2025,I,-0.04,Kota Kediri
Kota Blitar,2022,I,2.33,Kota Kediri
Kota Blitar,2022,II,4.03,Kota Kediri
Kota Blitar,2022,III,6.29,Kota Kediri
Kota Blitar,2022,IV,5.76,Kota Kediri
Kota Blitar,2023,I,5.36,Kota Kediri
Kota Blitar,2023,II,3.92,Kota Kediri
Kota Blitar,2023,III,2.55,Kota Kediri
Kota Blitar,2023,IV,2.64,Kota Kediri
Kota Blitar,2024,I,2.88,Kota Kediri
Kota Blitar,2024,II,1.72,Kota Kediri
Kota Blitar,2024,III,0.88,Kota Kediri
Kota Blitar,2024,IV,1.19,Kota Kediri
Kota Blitar,2025,I,-0.04,Kota Kediri
Kota Malang,2022,I,2.98,Kota Malang
Kota Malang,2022,II,5.3,Kota Malang
Kota Malang,2022,III,7.08,Kota Malang
Kota Malang,2022,IV,6.45,Kota Malang
Kota Malang,2023,I,5.74,Kota Malang
Kota Malang,2023,II,3.65,Kota Malang
Kota Malang,2023,III,2.27,Kota Malang
Kota Malang,2023,IV,2.56,Kota Malang
Kota Malang,2024,I,2.9,Kota Malang
Kota Malang,2024,II,2.02,Kota Malang
Kota Malang,2024,III,1.62,Kota Malang
Kota Malang,2024,IV,1.36,Kota Malang
Kota Malang,2025,I,0.49,Kota Malang
Kota Probolinggo,2022,I,2.26,Kota Malang
Kota Probolinggo,2022,II,4.6,Kota Malang
Kota Probolinggo,2022,III,5.4,Kota Malang
Kota Probolinggo,2022,IV,5.45,Kota Malang
Kota Probolinggo,2023,I,5.04,Kota Malang
Kota Probolinggo,2023,II,3.59,Kota Malang
Kota Probolinggo,2023,III,3.18,Kota Malang
Kota Probolinggo,2023,IV,2.86,Kota Malang
Kota Probolinggo,2024,I,3.54,Kota Malang
Kota Probolinggo,2024,II,2.29,Kota Malang
Kota Probolinggo,2024,III,1.97,Kota Malang
Kota Probolinggo,2024,IV,1.9,Kota Malang
Kota Probolinggo,2025,I,1.13,Kota Malang
Kota Pasuruan,2022,I,2.62,Kota Malang
Kota Pasuruan,2022,II,4.95,Kota Malang
Kota Pasuruan,2022,III,6.24,Kota Malang
Kota Pasuruan,2022,IV,5.95,Kota Malang
Kota Pasuruan,2023,I,5.39,Kota Malang
Kota Pasuruan,2023,II,3.62,Kota Malang
Kota Pasuruan,2023,III,2.725,Kota Malang
Kota Pasuruan,2023,IV,2.71,Kota Malang
Kota Pasuruan,2024,I,3.22,Kota Malang
Kota Pasuruan,2024,II,2.155,Kota Malang
Kota Pasuruan,2024,III,1.795,Kota Malang
Kota Pasuruan,2024,IV,1.63,Kota Malang
Kota Pasuruan,2025,I,0.81,Kota Malang
Kota Mojokerto,2022,I,3.16,Kota Surabaya
Kota Mojokerto,2022,II,4.89,Kota Surabaya
Kota Mojokerto,2022,III,6.91,Kota Surabaya
Kota Mojokerto,2022,IV,6.59,Kota Surabaya
Kota Mojokerto,2023,I,6.3,Kota Surabaya
Kota Mojokerto,2023,II,4.91,Kota Surabaya
Kota Mojokerto,2023,III,3.14,Kota Surabaya
Kota Mojokerto,2023,IV,3.03,Kota Surabaya
Kota Mojokerto,2024,I,2.99,Kota Surabaya
Kota Mojokerto,2024,II,2.35,Kota Surabaya
Kota Mojokerto,2024,III,1.65,Kota Surabaya
Kota Mojokerto,2024,IV,1.38,Kota Surabaya
Kota Mojokerto,2025,I,0.63,Kota Surabaya
Kota Madiun,2022,I,2.38,Kota Madiun
Kota Madiun,2022,II,4.76,Kota Madiun
Kota Madiun,2022,III,6.14,Kota Madiun
Kota Madiun,2022,IV,5.8,Kota Madiun
Kota Madiun,2023,I,5.15,Kota Madiun
Kota Madiun,2023,II,3.25,Kota Madiun
Kota Madiun,2023,III,2.16,Kota Madiun
Kota Madiun,2023,IV,2.35,Kota Madiun
Kota Madiun,2024,I,3.05,Kota Madiun
Kota Madiun,2024,II,1.85,Kota Madiun
Kota Madiun,2024,III,1.22,Kota Madiun
Kota Madiun,2024,IV,1.31,Kota Madiun
Kota Madiun,2025,I,0.2,Kota Madiun
Kota Surabaya,2022,I,3.16,Kota Surabaya
Kota Surabaya,2022,II,4.89,Kota Surabaya
Kota Surabaya,2022,III,6.91,Kota Surabaya
Kota Surabaya,2022,IV,6.59,Kota Surabaya
Kota Surabaya,2023,I,6.3,Kota Surabaya
Kota Surabaya,2023,II,4.91,Kota Surabaya
Kota Surabaya,2023,III,3.14,Kota Surabaya
Kota Surabaya,2023,IV,3.03,Kota Surabaya
Kota Surabaya,2024,I,2.99,Kota Surabaya
Kota Surabaya,2024,II,2.35,Kota Surabaya
Kota Surabaya,2024,III,1.65,Kota Surabaya
Kota Surabaya,2024,IV,1.38,Kota Surabaya
Kota Surabaya,2025,I,0.63,Kota Surabaya
Kota Batu,2022,I,2.62,Kota Malang
Kota Batu,2022,II,4.95,Kota Malang
Kota Batu,2022,III,6.24,Kota Malang
Kota Batu,2022,IV,5.95,Kota Malang
Kota Batu,2023,I,5.39,Kota Malang
Kota Batu,2023,II,3.62,Kota Malang
Kota Batu,2023,III,2.725,Kota Malang
Kota Batu,2023,IV,2.71,Kota Malang
Kota Batu,2024,I,3.22,Kota Malang
Kota Batu,2024,II,2.155,Kota Malang
Kota Batu,2024,III,1.795,Kota Malang
Kota Batu,2024,IV,1.63,Kota Malang
Kota Batu,2025,I,0.81,Kota Malang
